<?xml version='1.0' encoding='UTF-8'?>
<?artifactRepository version='1.1.0'?>
<repository name='Bundle pool' type='org.eclipse.equinox.p2.artifact.repository.simpleRepository' version='1'>
  <properties size='2'>
    <property name='p2.system' value='true'/>
    <property name='p2.timestamp' value='1361980850353'/>
  </properties>
  <mappings size='3'>
    <rule filter='(&amp; (classifier=osgi.bundle))' output='${repoUrl}/plugins/${id}_${version}.jar'/>
    <rule filter='(&amp; (classifier=binary))' output='${repoUrl}/binary/${id}_${version}'/>
    <rule filter='(&amp; (classifier=org.eclipse.update.feature))' output='${repoUrl}/features/${id}_${version}.jar'/>
  </mappings>
  <artifacts size='174'>
    <artifact classifier='osgi.bundle' id='org.eclipse.virgo.util.common' version='3.6.1.RELEASE'>
      <properties size='1'>
        <property name='download.size' value='58029'/>
      </properties>
    </artifact>
    <artifact classifier='osgi.bundle' id='org.eclipse.virgo.nano.management.controller' version='3.6.1.RELEASE'>
      <properties size='1'>
        <property name='download.size' value='4218'/>
      </properties>
    </artifact>
    <artifact classifier='osgi.bundle' id='org.ow2.jotm.jotm-core' version='2.1.9.v201204271116'>
      <properties size='1'>
        <property name='download.size' value='236164'/>
      </properties>
    </artifact>
    <artifact classifier='osgi.bundle' id='org.eclipse.equinox.p2.repository' version='2.2.0.v20120501-1446'>
      <properties size='1'>
        <property name='download.size' value='131772'/>
      </properties>
    </artifact>
    <artifact classifier='osgi.bundle' id='org.eclipse.virgo.nano.core' version='3.6.1.RELEASE'>
      <properties size='1'>
        <property name='download.size' value='194407'/>
      </properties>
    </artifact>
    <artifact classifier='osgi.bundle' id='org.eclipse.virgo.web.enterprise.openejb.initialiser' version='3.6.1.RELEASE'>
      <properties size='1'>
        <property name='download.size' value='9359'/>
      </properties>
    </artifact>
    <artifact classifier='osgi.bundle' id='org.eclipse.virgo.nano.services.ds' version='3.6.1.RELEASE'>
      <properties size='1'>
        <property name='download.size' value='8059'/>
      </properties>
    </artifact>
    <artifact classifier='osgi.bundle' id='org.apache.felix.gogo.runtime' version='0.10.0.v201209301036'>
      <properties size='1'>
        <property name='download.size' value='80249'/>
      </properties>
    </artifact>
    <artifact classifier='osgi.bundle' id='org.eclipse.virgo.util.jmx' version='3.6.1.RELEASE'>
      <properties size='1'>
        <property name='download.size' value='4354'/>
      </properties>
    </artifact>
    <artifact classifier='osgi.bundle' id='org.apache.geronimo.specs.j2ee.management' version='1.0.0.v201205091237'>
      <properties size='1'>
        <property name='download.size' value='32144'/>
      </properties>
    </artifact>
    <artifact classifier='osgi.bundle' id='org.eclipse.equinox.p2.touchpoint.natives' version='1.1.0.v20120428-0117'>
      <properties size='1'>
        <property name='download.size' value='52954'/>
      </properties>
    </artifact>
    <artifact classifier='osgi.bundle' id='ch.qos.logback.core' version='1.0.7.v20121108-1250'>
      <properties size='1'>
        <property name='download.size' value='389977'/>
      </properties>
    </artifact>
    <artifact classifier='osgi.bundle' id='org.eclipse.virgo.web.enterprise.jsf.support' version='3.6.1.RELEASE'>
      <properties size='1'>
        <property name='download.size' value='7394'/>
      </properties>
    </artifact>
    <artifact classifier='osgi.bundle' id='org.apache.openwebbeans.impl' version='1.1.3.v201205171449'>
      <properties size='1'>
        <property name='download.size' value='561989'/>
      </properties>
    </artifact>
    <artifact classifier='osgi.bundle' id='org.eclipse.gemini.web.core' version='2.2.1.RELEASE'>
      <properties size='1'>
        <property name='download.size' value='68533'/>
      </properties>
    </artifact>
    <artifact classifier='osgi.bundle' id='org.eclipse.core.net' version='1.2.200.v20111202-1616'>
      <properties size='1'>
        <property name='download.size' value='69261'/>
      </properties>
    </artifact>
    <artifact classifier='osgi.bundle' id='com.springsource.org.apache.commons.io' version='1.4.0'>
      <properties size='1'>
        <property name='download.size' value='110412'/>
      </properties>
    </artifact>
    <artifact classifier='osgi.bundle' id='org.apache.openwebbeans.jsf' version='1.1.3.v201210311100'>
      <properties size='1'>
        <property name='download.size' value='39730'/>
      </properties>
    </artifact>
    <artifact classifier='osgi.bundle' id='org.eclipse.virgo.web.war.deployer' version='3.6.1.RELEASE'>
      <properties size='1'>
        <property name='download.size' value='20407'/>
      </properties>
    </artifact>
    <artifact classifier='osgi.bundle' id='javax.wsdl' version='1.6.2.v201012040545'>
      <properties size='1'>
        <property name='download.size' value='168201'/>
      </properties>
    </artifact>
    <artifact classifier='osgi.bundle' id='org.apache.openwebbeans.ee' version='1.1.3.v201205171703'>
      <properties size='1'>
        <property name='download.size' value='27782'/>
      </properties>
    </artifact>
    <artifact classifier='osgi.bundle' id='org.eclipse.virgo.util.math' version='3.6.1.RELEASE'>
      <properties size='1'>
        <property name='download.size' value='9503'/>
      </properties>
    </artifact>
    <artifact classifier='osgi.bundle' id='javax.annotation' version='1.1.0.v201108011116'>
      <properties size='1'>
        <property name='download.size' value='27661'/>
      </properties>
    </artifact>
    <artifact classifier='osgi.bundle' id='org.eclipse.ecf.identity' version='3.1.200.v20120319-0616'>
      <properties size='1'>
        <property name='download.size' value='53206'/>
      </properties>
    </artifact>
    <artifact classifier='osgi.bundle' id='javax.servlet' version='3.0.0.v201112011016'>
      <properties size='1'>
        <property name='download.size' value='201594'/>
      </properties>
    </artifact>
    <artifact classifier='osgi.bundle' id='org.eclipse.jdt.core.compiler.batch' version='3.8.0.I20120518-2145'>
      <properties size='1'>
        <property name='download.size' value='1756849'/>
      </properties>
    </artifact>
    <artifact classifier='osgi.bundle' id='org.eclipse.virgo.web.enterprise.openejb.fragment.webbeans' version='3.6.1.RELEASE'>
      <properties size='1'>
        <property name='download.size' value='2637'/>
      </properties>
    </artifact>
    <artifact classifier='osgi.bundle' id='org.eclipse.ecf.provider.filetransfer' version='3.2.0.v20120319-0616'>
      <properties size='1'>
        <property name='download.size' value='126823'/>
      </properties>
    </artifact>
    <artifact classifier='osgi.bundle' id='org.eclipse.virgo.nano.deployer.hot' version='3.6.1.RELEASE'>
      <properties size='1'>
        <property name='download.size' value='10247'/>
      </properties>
    </artifact>
    <artifact classifier='osgi.bundle' id='org.glassfish.com.sun.faces' version='2.1.6.v201205171319-virgo-2'>
      <properties size='1'>
        <property name='download.size' value='1951129'/>
      </properties>
    </artifact>
    <artifact classifier='osgi.bundle' id='org.apache.felix.gogo.command' version='0.10.0.v201209301215'>
      <properties size='1'>
        <property name='download.size' value='57646'/>
      </properties>
    </artifact>
    <artifact classifier='osgi.bundle' id='javax.resource' version='1.6.0.v201204270900'>
      <properties size='1'>
        <property name='download.size' value='68673'/>
      </properties>
    </artifact>
    <artifact classifier='osgi.bundle' id='org.eclipse.gemini.web.tomcat' version='2.2.1.RELEASE'>
      <properties size='1'>
        <property name='download.size' value='102616'/>
      </properties>
    </artifact>
    <artifact classifier='osgi.bundle' id='org.apache.openwebbeans.tomcat7' version='1.1.3.v201210311100'>
      <properties size='1'>
        <property name='download.size' value='33864'/>
      </properties>
    </artifact>
    <artifact classifier='osgi.bundle' id='org.eclipse.virgo.web.enterprise.applistener' version='3.6.1.RELEASE'>
      <properties size='1'>
        <property name='download.size' value='6364'/>
      </properties>
    </artifact>
    <artifact classifier='osgi.bundle' id='org.eclipse.virgo.web.enterprise.security.openejb.classloading.hook' version='3.6.1.RELEASE'>
      <properties size='1'>
        <property name='download.size' value='4865'/>
      </properties>
    </artifact>
    <artifact classifier='osgi.bundle' id='org.eclipse.virgo.web.enterprise.javax.persistence.provider.initializer' version='3.6.1.RELEASE'>
      <properties size='1'>
        <property name='download.size' value='4096'/>
      </properties>
    </artifact>
    <artifact classifier='osgi.bundle' id='osgi.enterprise' version='4.2.0.v201108120515'>
      <properties size='1'>
        <property name='download.size' value='159935'/>
      </properties>
    </artifact>
    <artifact classifier='osgi.bundle' id='org.apache.tomcat.util' version='7.0.35.v201302140645'>
      <properties size='1'>
        <property name='download.size' value='35694'/>
      </properties>
    </artifact>
    <artifact classifier='osgi.bundle' id='org.eclipse.equinox.console.ssh' version='1.0.0.v20120430-1356'>
      <properties size='1'>
        <property name='download.size' value='53457'/>
      </properties>
    </artifact>
    <artifact classifier='osgi.bundle' id='org.eclipse.equinox.preferences' version='3.5.0.v20120410-1344'>
      <properties size='1'>
        <property name='download.size' value='126763'/>
      </properties>
    </artifact>
    <artifact classifier='osgi.bundle' id='javax.inject' version='1.0.0.v20091030'>
      <properties size='1'>
        <property name='download.size' value='12288'/>
      </properties>
    </artifact>
    <artifact classifier='osgi.bundle' id='org.eclipse.virgo.nano.deployer' version='3.6.1.RELEASE'>
      <properties size='1'>
        <property name='download.size' value='33105'/>
      </properties>
    </artifact>
    <artifact classifier='osgi.bundle' id='org.eclipse.equinox.p2.console' version='1.0.300.v20130122-150435'>
      <properties size='1'>
        <property name='download.size' value='27891'/>
      </properties>
    </artifact>
    <artifact classifier='osgi.bundle' id='org.eclipse.virgo.web.enterprise.openejb.fragment.jpa' version='3.6.1.RELEASE'>
      <properties size='1'>
        <property name='download.size' value='1563'/>
      </properties>
    </artifact>
    <artifact classifier='osgi.bundle' id='org.eclipse.equinox.ds' version='1.4.0.v20120112-1400'>
      <properties size='1'>
        <property name='download.size' value='192844'/>
      </properties>
    </artifact>
    <artifact classifier='osgi.bundle' id='org.apache.geronimo.specs.osgi.registry' version='1.1.0.v201205170710'>
      <properties size='1'>
        <property name='download.size' value='32223'/>
      </properties>
    </artifact>
    <artifact classifier='osgi.bundle' id='org.apache.commons.lang' version='2.6.0.v201205030909'>
      <properties size='1'>
        <property name='download.size' value='299203'/>
      </properties>
    </artifact>
    <artifact classifier='osgi.bundle' id='com.springsource.org.aspectj.weaver' version='1.6.12.RELEASE'>
      <properties size='1'>
        <property name='download.size' value='1765724'/>
      </properties>
    </artifact>
    <artifact classifier='osgi.bundle' id='org.apache.xbean.finder' version='3.9.0.v201205031350-virgo-1'>
      <properties size='1'>
        <property name='download.size' value='138971'/>
      </properties>
    </artifact>
    <artifact classifier='osgi.bundle' id='javax.ws.rs' version='1.1.1.v20101004-1200'>
      <properties size='1'>
        <property name='download.size' value='68232'/>
      </properties>
    </artifact>
    <artifact classifier='osgi.bundle' id='org.sat4j.pb' version='2.3.0.v20110329'>
      <properties size='1'>
        <property name='download.size' value='140725'/>
      </properties>
    </artifact>
    <artifact classifier='osgi.bundle' id='org.apache.openwebbeans.web' version='1.1.3.v201205171703'>
      <properties size='1'>
        <property name='download.size' value='56821'/>
      </properties>
    </artifact>
    <artifact classifier='osgi.bundle' id='org.glassfish.javax.faces' version='2.1.6.v201210041257'>
      <properties size='1'>
        <property name='download.size' value='678919'/>
      </properties>
    </artifact>
    <artifact classifier='osgi.bundle' id='org.apache.coyote' version='7.0.35.v201302140645'>
      <properties size='1'>
        <property name='download.size' value='812361'/>
      </properties>
    </artifact>
    <artifact classifier='osgi.bundle' id='org.eclipse.equinox.util' version='1.0.300.v20111010-1614'>
      <properties size='1'>
        <property name='download.size' value='76832'/>
      </properties>
    </artifact>
    <artifact classifier='osgi.bundle' id='org.slf4j.jul' version='1.7.2.v20121108-1250'>
      <properties size='1'>
        <property name='download.size' value='11724'/>
      </properties>
    </artifact>
    <artifact classifier='osgi.bundle' id='ch.qos.logback.slf4j' version='1.0.7.v20121108-1250'>
      <properties size='1'>
        <property name='download.size' value='11053'/>
      </properties>
    </artifact>
    <artifact classifier='osgi.bundle' id='org.apache.tomcat.api' version='7.0.35.v201302120746'>
      <properties size='1'>
        <property name='download.size' value='18562'/>
      </properties>
    </artifact>
    <artifact classifier='osgi.bundle' id='org.apache.el' version='7.0.35.v201302120746'>
      <properties size='1'>
        <property name='download.size' value='139872'/>
      </properties>
    </artifact>
    <artifact classifier='osgi.bundle' id='org.apache.mina.core' version='2.0.2.v201108120515'>
      <properties size='1'>
        <property name='download.size' value='671930'/>
      </properties>
    </artifact>
    <artifact classifier='osgi.bundle' id='org.apache.commons.beanutils' version='1.8.0.v201205091237'>
      <properties size='1'>
        <property name='download.size' value='247269'/>
      </properties>
    </artifact>
    <artifact classifier='osgi.bundle' id='org.eclipse.virgo.management.fragment' version='3.6.1.RELEASE'>
      <properties size='1'>
        <property name='download.size' value='2759'/>
      </properties>
    </artifact>
    <artifact classifier='osgi.bundle' id='org.apache.felix.gogo.shell' version='0.10.0.v201211091412'>
      <properties size='1'>
        <property name='download.size' value='60836'/>
      </properties>
    </artifact>
    <artifact classifier='osgi.bundle' id='org.eclipse.persistence.asm' version='3.3.1.v201206041142'>
      <properties size='1'>
        <property name='download.size' value='271189'/>
      </properties>
    </artifact>
    <artifact classifier='osgi.bundle' id='javax.security.jacc' version='1.4.0.v201205031350'>
      <properties size='1'>
        <property name='download.size' value='45840'/>
      </properties>
    </artifact>
    <artifact classifier='osgi.bundle' id='org.eclipse.osgi' version='3.8.1.v20120830-144521'>
      <properties size='1'>
        <property name='download.size' value='1396459'/>
      </properties>
    </artifact>
    <artifact classifier='osgi.bundle' id='org.apache.geronimo.components.connector' version='3.1.1.v201205170953'>
      <properties size='1'>
        <property name='download.size' value='133450'/>
      </properties>
    </artifact>
    <artifact classifier='osgi.bundle' id='javax.xml.rpc' version='1.1.0.v201005080400'>
      <properties size='1'>
        <property name='download.size' value='34666'/>
      </properties>
    </artifact>
    <artifact classifier='osgi.bundle' id='org.eclipse.virgo.web.enterprise.security.valve' version='3.6.1.RELEASE'>
      <properties size='1'>
        <property name='download.size' value='3939'/>
      </properties>
    </artifact>
    <artifact classifier='osgi.bundle' id='org.apache.catalina.tribes' version='7.0.35.v201302140645'>
      <properties size='1'>
        <property name='download.size' value='274285'/>
      </properties>
    </artifact>
    <artifact classifier='osgi.bundle' id='com.springsource.org.apache.commons.fileupload' version='1.2.0.v20110525'>
      <properties size='1'>
        <property name='download.size' value='54143'/>
      </properties>
    </artifact>
    <artifact classifier='osgi.bundle' id='org.apache.catalina' version='7.0.35.v201302131125'>
      <properties size='1'>
        <property name='download.size' value='1606207'/>
      </properties>
    </artifact>
    <artifact classifier='osgi.bundle' id='org.eclipse.equinox.region' version='1.1.0.v20120319-1602'>
      <properties size='1'>
        <property name='download.size' value='71678'/>
      </properties>
    </artifact>
    <artifact classifier='osgi.bundle' id='org.eclipse.equinox.p2.artifact.repository' version='1.1.200.v20120430-1959'>
      <properties size='1'>
        <property name='download.size' value='137108'/>
      </properties>
    </artifact>
    <artifact classifier='osgi.bundle' id='org.eclipse.equinox.p2.metadata' version='2.1.0.v20120430-2001'>
      <properties size='1'>
        <property name='download.size' value='340685'/>
      </properties>
    </artifact>
    <artifact classifier='osgi.bundle' id='org.eclipse.ecf.ssl' version='1.0.100.v20120319-0616'>
      <properties size='1'>
        <property name='download.size' value='11553'/>
      </properties>
    </artifact>
    <artifact classifier='osgi.bundle' id='org.apache.xbean.naming' version='3.9.0.v201205031057'>
      <properties size='1'>
        <property name='download.size' value='66337'/>
      </properties>
    </artifact>
    <artifact classifier='osgi.bundle' id='org.eclipse.equinox.p2.core' version='2.2.0.v20120430-0525'>
      <properties size='1'>
        <property name='download.size' value='72598'/>
      </properties>
    </artifact>
    <artifact classifier='osgi.bundle' id='org.apache.openejb.core' version='4.0.0.beta-2_v201205260545-virgo-4'>
      <properties size='1'>
        <property name='download.size' value='2146744'/>
      </properties>
    </artifact>
    <artifact classifier='osgi.bundle' id='org.eclipse.equinox.simpleconfigurator.manipulator' version='2.0.0.v20110808-1657'>
      <properties size='1'>
        <property name='download.size' value='24055'/>
      </properties>
    </artifact>
    <artifact classifier='osgi.bundle' id='javax.security.auth.message' version='1.0.0.v201108011116'>
      <properties size='1'>
        <property name='download.size' value='41826'/>
      </properties>
    </artifact>
    <artifact classifier='osgi.bundle' id='org.eclipse.equinox.event' version='1.2.100.v20111010-1614'>
      <properties size='1'>
        <property name='download.size' value='32534'/>
      </properties>
    </artifact>
    <artifact classifier='osgi.bundle' id='org.apache.openejb.jee' version='4.0.0.beta-2_v201205041336'>
      <properties size='1'>
        <property name='download.size' value='1276164'/>
      </properties>
    </artifact>
    <artifact classifier='osgi.bundle' id='org.eclipse.persistence.antlr' version='3.2.0.v201206041011'>
      <properties size='1'>
        <property name='download.size' value='189642'/>
      </properties>
    </artifact>
    <artifact classifier='osgi.bundle' id='org.eclipse.virgo.util.osgi' version='3.6.1.RELEASE'>
      <properties size='1'>
        <property name='download.size' value='3190'/>
      </properties>
    </artifact>
    <artifact classifier='osgi.bundle' id='org.slf4j.jcl' version='1.7.2.v20121108-1250'>
      <properties size='1'>
        <property name='download.size' value='24226'/>
      </properties>
    </artifact>
    <artifact classifier='osgi.bundle' id='org.eclipse.virgo.util.io' version='3.6.1.RELEASE'>
      <properties size='1'>
        <property name='download.size' value='29940'/>
      </properties>
    </artifact>
    <artifact classifier='osgi.bundle' id='org.eclipse.virgo.web.enterprise.security' version='3.6.1.RELEASE'>
      <properties size='1'>
        <property name='download.size' value='10018'/>
      </properties>
    </artifact>
    <artifact classifier='osgi.bundle' id='org.apache.xbean.asm' version='3.9.0.v201205031117'>
      <properties size='1'>
        <property name='download.size' value='121254'/>
      </properties>
    </artifact>
    <artifact classifier='osgi.bundle' id='org.sat4j.core' version='2.3.0.v20110329'>
      <properties size='1'>
        <property name='download.size' value='210700'/>
      </properties>
    </artifact>
    <artifact classifier='osgi.bundle' id='org.apache.sshd.core' version='0.5.0.v201108120515'>
      <properties size='1'>
        <property name='download.size' value='337822'/>
      </properties>
    </artifact>
    <artifact classifier='osgi.bundle' id='org.eclipse.ecf.filetransfer' version='5.0.0.v20120319-0616'>
      <properties size='1'>
        <property name='download.size' value='50503'/>
      </properties>
    </artifact>
    <artifact classifier='osgi.bundle' id='javax.mail' version='1.4.0.v201005080615'>
      <properties size='1'>
        <property name='download.size' value='320960'/>
      </properties>
    </artifact>
    <artifact classifier='osgi.bundle' id='org.eclipse.virgo.nano.services.concurrent' version='3.6.1.RELEASE'>
      <properties size='1'>
        <property name='download.size' value='11050'/>
      </properties>
    </artifact>
    <artifact classifier='osgi.bundle' id='javax.validation' version='1.0.0.GA_v201205091237'>
      <properties size='1'>
        <property name='download.size' value='66926'/>
      </properties>
    </artifact>
    <artifact classifier='osgi.bundle' id='org.apache.xbean.reflect' version='3.9.0.v201205031405'>
      <properties size='1'>
        <property name='download.size' value='162325'/>
      </properties>
    </artifact>
    <artifact classifier='osgi.bundle' id='org.eclipse.virgo.nano.deployer.api' version='3.6.1.RELEASE'>
      <properties size='1'>
        <property name='download.size' value='12778'/>
      </properties>
    </artifact>
    <artifact classifier='osgi.bundle' id='org.eclipse.equinox.simpleconfigurator' version='1.0.300.v20110815-1744'>
      <properties size='1'>
        <property name='download.size' value='39451'/>
      </properties>
    </artifact>
    <artifact classifier='osgi.bundle' id='org.eclipse.persistence.jpa' version='2.4.1.v20121003-ad44345'>
      <properties size='1'>
        <property name='download.size' value='1031405'/>
      </properties>
    </artifact>
    <artifact classifier='osgi.bundle' id='javax.servlet.jsp.jstl.impl' version='1.2.0.v201210211230'>
      <properties size='1'>
        <property name='download.size' value='426127'/>
      </properties>
    </artifact>
    <artifact classifier='osgi.bundle' id='org.eclipse.virgo.util.parser.manifest' version='3.6.1.RELEASE'>
      <properties size='1'>
        <property name='download.size' value='25708'/>
      </properties>
    </artifact>
    <artifact classifier='osgi.bundle' id='javax.jms' version='1.1.0.v201205091237'>
      <properties size='1'>
        <property name='download.size' value='47984'/>
      </properties>
    </artifact>
    <artifact classifier='osgi.bundle' id='org.eclipse.persistence.core' version='2.4.1.v20121003-ad44345'>
      <properties size='1'>
        <property name='download.size' value='4724616'/>
      </properties>
    </artifact>
    <artifact classifier='osgi.bundle' id='org.apache.openejb.javaagent' version='4.0.0.beta-2_v201205041047'>
      <properties size='1'>
        <property name='download.size' value='22608'/>
      </properties>
    </artifact>
    <artifact classifier='osgi.bundle' id='org.eclipse.virgo.web.enterprise.javax.persistence.extension' version='3.6.1.RELEASE'>
      <properties size='1'>
        <property name='download.size' value='9832'/>
      </properties>
    </artifact>
    <artifact classifier='osgi.bundle' id='org.eclipse.core.jobs' version='3.5.200.v20120511-1333'>
      <properties size='1'>
        <property name='download.size' value='92326'/>
      </properties>
    </artifact>
    <artifact classifier='osgi.bundle' id='org.apache.commons.pool' version='1.6.0.v201204271246'>
      <properties size='1'>
        <property name='download.size' value='122620'/>
      </properties>
    </artifact>
    <artifact classifier='osgi.bundle' id='org.eclipse.virgo.medic.logbackcorefragment' version='3.6.1.RELEASE'>
      <properties size='1'>
        <property name='download.size' value='1537'/>
      </properties>
    </artifact>
    <artifact classifier='osgi.bundle' id='org.eclipse.virgo.web.enterprise.openejb.fragment.bval' version='3.6.1.RELEASE'>
      <properties size='1'>
        <property name='download.size' value='1901'/>
      </properties>
    </artifact>
    <artifact classifier='osgi.bundle' id='org.eclipse.equinox.p2.touchpoint.eclipse' version='2.1.100.v20120428-0117'>
      <properties size='1'>
        <property name='download.size' value='125384'/>
      </properties>
    </artifact>
    <artifact classifier='osgi.bundle' id='org.eclipse.equinox.p2.jarprocessor' version='1.0.200.v20110808-1657'>
      <properties size='1'>
        <property name='download.size' value='69403'/>
      </properties>
    </artifact>
    <artifact classifier='osgi.bundle' id='org.eclipse.equinox.cm' version='1.0.400.v20120319-2029'>
      <properties size='1'>
        <property name='download.size' value='63694'/>
      </properties>
    </artifact>
    <artifact classifier='osgi.bundle' id='org.apache.commons.dbcp' version='1.4.0.v201204271417'>
      <properties size='1'>
        <property name='download.size' value='170185'/>
      </properties>
    </artifact>
    <artifact classifier='osgi.bundle' id='com.springsource.org.apache.commons.cli' version='1.2.0'>
      <properties size='1'>
        <property name='download.size' value='41588'/>
      </properties>
    </artifact>
    <artifact classifier='osgi.bundle' id='org.eclipse.equinox.common' version='3.6.100.v20120509-1351'>
      <properties size='1'>
        <property name='download.size' value='106767'/>
      </properties>
    </artifact>
    <artifact classifier='osgi.bundle' id='org.slf4j.log4j' version='1.7.2.v20130115-1340'>
      <properties size='1'>
        <property name='download.size' value='29759'/>
      </properties>
    </artifact>
    <artifact classifier='osgi.bundle' id='org.apache.openejb.loader' version='4.0.0.beta-2_v201205041336'>
      <properties size='1'>
        <property name='download.size' value='58664'/>
      </properties>
    </artifact>
    <artifact classifier='osgi.bundle' id='org.eclipse.equinox.frameworkadmin.equinox' version='1.0.400.v20120428-0117'>
      <properties size='1'>
        <property name='download.size' value='62579'/>
      </properties>
    </artifact>
    <artifact classifier='osgi.bundle' id='org.apache.openejb.api' version='4.0.0.beta-2_v201205041047'>
      <properties size='1'>
        <property name='download.size' value='19382'/>
      </properties>
    </artifact>
    <artifact classifier='osgi.bundle' id='org.apache.openwebbeans.spi' version='1.1.3.v201205171319'>
      <properties size='1'>
        <property name='download.size' value='30260'/>
      </properties>
    </artifact>
    <artifact classifier='osgi.bundle' id='org.eclipse.equinox.console' version='1.0.100.v20121001-124408'>
      <properties size='1'>
        <property name='download.size' value='111253'/>
      </properties>
    </artifact>
    <artifact classifier='osgi.bundle' id='ch.qos.logback.classic' version='1.0.7.v20121108-1250'>
      <properties size='1'>
        <property name='download.size' value='262123'/>
      </properties>
    </artifact>
    <artifact classifier='osgi.bundle' id='javax.el' version='2.2.0.v201108011116'>
      <properties size='1'>
        <property name='download.size' value='52319'/>
      </properties>
    </artifact>
    <artifact classifier='osgi.bundle' id='org.apache.commons.collections' version='3.2.0.v201005080500'>
      <properties size='1'>
        <property name='download.size' value='611220'/>
      </properties>
    </artifact>
    <artifact classifier='osgi.bundle' id='org.eclipse.gemini.web.extender' version='2.2.1.RELEASE'>
      <properties size='1'>
        <property name='download.size' value='5620'/>
      </properties>
    </artifact>
    <artifact classifier='osgi.bundle' id='org.eclipse.equinox.app' version='1.3.100.v20111010-1614'>
      <properties size='1'>
        <property name='download.size' value='85230'/>
      </properties>
    </artifact>
    <artifact classifier='osgi.bundle' id='org.eclipse.virgo.util.osgi.manifest' version='3.6.1.RELEASE'>
      <properties size='1'>
        <property name='download.size' value='92753'/>
      </properties>
    </artifact>
    <artifact classifier='osgi.bundle' id='org.apache.openwebbeans.ejb' version='1.1.3.v201205171703'>
      <properties size='1'>
        <property name='download.size' value='49870'/>
      </properties>
    </artifact>
    <artifact classifier='osgi.bundle' id='org.eclipse.equinox.p2.transport.ecf' version='1.0.100.v20120305-0333'>
      <properties size='1'>
        <property name='download.size' value='42017'/>
      </properties>
    </artifact>
    <artifact classifier='osgi.bundle' id='org.eclipse.equinox.p2.publisher.eclipse' version='1.1.0.v20120511-1931'>
      <properties size='1'>
        <property name='download.size' value='215190'/>
      </properties>
    </artifact>
    <artifact classifier='osgi.bundle' id='org.eclipse.gemini.management' version='1.0.5.RELEASE'>
      <properties size='1'>
        <property name='download.size' value='101540'/>
      </properties>
    </artifact>
    <artifact classifier='osgi.bundle' id='org.eclipse.virgo.medic.core' version='3.6.1.RELEASE'>
      <properties size='1'>
        <property name='download.size' value='93404'/>
      </properties>
    </artifact>
    <artifact classifier='osgi.bundle' id='org.eclipse.persistence.jpa.jpql' version='2.0.1.v20121003-ad44345'>
      <properties size='1'>
        <property name='download.size' value='1266517'/>
      </properties>
    </artifact>
    <artifact classifier='osgi.bundle' id='org.eclipse.equinox.frameworkadmin' version='2.0.0.v20110808-1657'>
      <properties size='1'>
        <property name='download.size' value='34984'/>
      </properties>
    </artifact>
    <artifact classifier='osgi.bundle' id='javax.servlet.jsp' version='2.2.0.v201112011158'>
      <properties size='1'>
        <property name='download.size' value='107235'/>
      </properties>
    </artifact>
    <artifact classifier='osgi.bundle' id='org.eclipse.virgo.web.enterprise.openwebbeans.initialiser' version='3.6.1.RELEASE'>
      <properties size='1'>
        <property name='download.size' value='11468'/>
      </properties>
    </artifact>
    <artifact classifier='osgi.bundle' id='org.eclipse.virgo.nano.management' version='3.6.1.RELEASE'>
      <properties size='1'>
        <property name='download.size' value='8466'/>
      </properties>
    </artifact>
    <artifact classifier='osgi.bundle' id='org.apache.geronimo.components.transaction' version='3.1.1.v201205170710'>
      <properties size='1'>
        <property name='download.size' value='82945'/>
      </properties>
    </artifact>
    <artifact classifier='osgi.bundle' id='org.eclipse.equinox.p2.publisher' version='1.2.0.v20120428-0117'>
      <properties size='1'>
        <property name='download.size' value='105935'/>
      </properties>
    </artifact>
    <artifact classifier='osgi.bundle' id='org.eclipse.core.contenttype' version='3.4.100.v20110423-0524'>
      <properties size='1'>
        <property name='download.size' value='91964'/>
      </properties>
    </artifact>
    <artifact classifier='osgi.bundle' id='org.eclipse.virgo.web.enterprise.services.accessor' version='3.6.1.RELEASE'>
      <properties size='1'>
        <property name='download.size' value='23850'/>
      </properties>
    </artifact>
    <artifact classifier='osgi.bundle' id='javax.servlet.jsp.jstl' version='1.2.0.v201105211821'>
      <properties size='1'>
        <property name='download.size' value='51761'/>
      </properties>
    </artifact>
    <artifact classifier='osgi.bundle' id='org.eclipse.virgo.web.enterprise.openejb.fragment.jotm' version='3.6.1.RELEASE'>
      <properties size='1'>
        <property name='download.size' value='3902'/>
      </properties>
    </artifact>
    <artifact classifier='osgi.bundle' id='javax.ejb' version='3.1.1.v201204261316'>
      <properties size='1'>
        <property name='download.size' value='69131'/>
      </properties>
    </artifact>
    <artifact classifier='osgi.bundle' id='cdi.api' version='1.0.0.v201105160744'>
      <properties size='1'>
        <property name='download.size' value='66645'/>
      </properties>
    </artifact>
    <artifact classifier='osgi.bundle' id='org.quartz' version='1.6.0.v201204271540'>
      <properties size='1'>
        <property name='download.size' value='466418'/>
      </properties>
    </artifact>
    <artifact classifier='osgi.bundle' id='org.apache.bval' version='0.3.0.v201205161050'>
      <properties size='1'>
        <property name='download.size' value='299546'/>
      </properties>
    </artifact>
    <artifact classifier='osgi.bundle' id='scannotation' version='1.0.2.v201205170710'>
      <properties size='1'>
        <property name='download.size' value='33437'/>
      </properties>
    </artifact>
    <artifact classifier='osgi.bundle' id='org.eclipse.equinox.security' version='1.1.100.v20120424-1439'>
      <properties size='1'>
        <property name='download.size' value='107462'/>
      </properties>
    </artifact>
    <artifact classifier='osgi.bundle' id='org.eclipse.virgo.medic.logbackclassicfragment' version='3.6.1.RELEASE'>
      <properties size='1'>
        <property name='download.size' value='1542'/>
      </properties>
    </artifact>
    <artifact classifier='osgi.bundle' id='org.eclipse.equinox.registry' version='3.5.200.v20120427-1430'>
      <properties size='1'>
        <property name='download.size' value='184229'/>
      </properties>
    </artifact>
    <artifact classifier='osgi.bundle' id='org.slf4j.api' version='1.7.2.v20121108-1250'>
      <properties size='1'>
        <property name='download.size' value='35173'/>
      </properties>
    </artifact>
    <artifact classifier='osgi.bundle' id='org.eclipse.equinox.p2.garbagecollector' version='1.0.200.v20110808-1657'>
      <properties size='1'>
        <property name='download.size' value='26235'/>
      </properties>
    </artifact>
    <artifact classifier='osgi.bundle' id='org.apache.juli.extras' version='7.0.35.v201302120746'>
      <properties size='1'>
        <property name='download.size' value='51182'/>
      </properties>
    </artifact>
    <artifact classifier='osgi.bundle' id='org.jolokia.osgi' version='1.0.2'>
      <properties size='1'>
        <property name='download.size' value='268768'/>
      </properties>
    </artifact>
    <artifact classifier='osgi.bundle' id='org.apache.geronimo.specs.osgi.locator' version='1.1.0.v201205170953'>
      <properties size='1'>
        <property name='download.size' value='22492'/>
      </properties>
    </artifact>
    <artifact classifier='osgi.bundle' id='javassist' version='3.13.0.GA_v201209210905'>
      <properties size='1'>
        <property name='download.size' value='679490'/>
      </properties>
    </artifact>
    <artifact classifier='osgi.bundle' id='org.eclipse.equinox.p2.metadata.repository' version='1.2.100.v20120524-1717'>
      <properties size='1'>
        <property name='download.size' value='118133'/>
      </properties>
    </artifact>
    <artifact classifier='osgi.bundle' id='org.eclipse.ecf' version='3.1.300.v20120319-0616'>
      <properties size='1'>
        <property name='download.size' value='93252'/>
      </properties>
    </artifact>
    <artifact classifier='osgi.bundle' id='org.eclipse.core.runtime' version='3.8.0.v20120511-1333'>
      <properties size='1'>
        <property name='download.size' value='75319'/>
      </properties>
    </artifact>
    <artifact classifier='osgi.bundle' id='javax.persistence' version='2.0.4.v201112161009'>
      <properties size='1'>
        <property name='download.size' value='127873'/>
      </properties>
    </artifact>
    <artifact classifier='osgi.bundle' id='org.eclipse.virgo.web.enterprise.catalina.fragment.webbeans' version='3.6.1.RELEASE'>
      <properties size='1'>
        <property name='download.size' value='1564'/>
      </properties>
    </artifact>
    <artifact classifier='osgi.bundle' id='org.eclipse.virgo.web.enterprise.persistence.openejb.classloading.hook' version='3.6.1.RELEASE'>
      <properties size='1'>
        <property name='download.size' value='8528'/>
      </properties>
    </artifact>
    <artifact classifier='osgi.bundle' id='org.apache.catalina.ha' version='7.0.35.v201302131607'>
      <properties size='1'>
        <property name='download.size' value='147374'/>
      </properties>
    </artifact>
    <artifact classifier='osgi.bundle' id='org.eclipse.virgo.web.enterprise.appdeployer' version='3.6.1.RELEASE'>
      <properties size='1'>
        <property name='download.size' value='20535'/>
      </properties>
    </artifact>
    <artifact classifier='osgi.bundle' id='org.eclipse.osgi.services' version='3.3.0.v20120307-2102'>
      <properties size='1'>
        <property name='download.size' value='81872'/>
      </properties>
    </artifact>
    <artifact classifier='osgi.bundle' id='org.apache.derby' version='10.8.2.2_v201211210650'>
      <properties size='1'>
        <property name='download.size' value='3648670'/>
      </properties>
    </artifact>
    <artifact classifier='osgi.bundle' id='org.eclipse.virgo.medic' version='3.6.1.RELEASE'>
      <properties size='1'>
        <property name='download.size' value='15243'/>
      </properties>
    </artifact>
    <artifact classifier='osgi.bundle' id='org.apache.xbean.bundleutils' version='3.9.0.v201205031405'>
      <properties size='1'>
        <property name='download.size' value='78474'/>
      </properties>
    </artifact>
    <artifact classifier='osgi.bundle' id='org.eclipse.equinox.p2.engine' version='2.2.0.v20120501-1502'>
      <properties size='1'>
        <property name='download.size' value='197429'/>
      </properties>
    </artifact>
    <artifact classifier='osgi.bundle' id='org.apache.openwebbeans.ee.common' version='1.1.3.v201205180530'>
      <properties size='1'>
        <property name='download.size' value='19756'/>
      </properties>
    </artifact>
    <artifact classifier='osgi.bundle' id='org.apache.jasper' version='7.0.35.v201302161127'>
      <properties size='1'>
        <property name='download.size' value='620754'/>
      </properties>
    </artifact>
    <artifact classifier='osgi.bundle' id='org.eclipse.equinox.p2.director' version='2.2.0.v20120301-2203'>
      <properties size='1'>
        <property name='download.size' value='95258'/>
      </properties>
    </artifact>
  </artifacts>
</repository>
